{
    "metrics": {
        "vus_max": {
            "min": 23,
            "max": 23,
            "value": 23
        },
        "http_req_duration{profile:olap_turnover}": {
            "med": 3.25636,
            "max": 403.547003,
            "p(90)": 7.0786265,
            "p(95)": 9.17312625,
            "avg": 8.111177462897517,
            "min": 1.9318,
            "thresholds": {
                "p(95)<30000": false
            }
        },
        "http_req_blocked": {
            "min": 0.0003,
            "med": 0.004,
            "max": 118.695255,
            "p(90)": 0.012401,
            "p(95)": 0.021011,
            "avg": 0.03369463975696237
        },
        "http_req_connecting": {
            "avg": 0.01042968805510943,
            "min": 0,
            "med": 0,
            "max": 51.212398,
            "p(90)": 0,
            "p(95)": 0
        },
        "http_req_waiting": {
            "avg": 15.352305911975758,
            "min": 0.930119,
            "med": 6.4684,
            "max": 6798.662819,
            "p(90)": 17.651003000000003,
            "p(95)": 30.568018299999963
        },
        "http_req_sending": {
            "p(90)": 0.06830640000000002,
            "p(95)": 0.11820159999999999,
            "avg": 0.07309033700342772,
            "min": 0.0023,
            "med": 0.017802,
            "max": 127.123427
        },
        "http_req_receiving": {
            "avg": 0.15247001159078258,
            "min": 0.0062,
            "med": 0.050805,
            "max": 158.719873,
            "p(90)": 0.1279056,
            "p(95)": 0.2203665999999996
        },
        "http_req_duration{profile:olap_revenue}": {
            "min": 65.980841,
            "med": 125.14756299999999,
            "max": 6799.721088,
            "p(90)": 202.37372499999998,
            "p(95)": 239.18793675,
            "avg": 222.2452196766784,
            "thresholds": {
                "p(95)<30000": false
            }
        },
        "checks": {
            "passes": 51679,
            "fails": 0,
            "value": 1
        },
        "http_req_failed": {
            "passes": 0,
            "fails": 51679,
            "thresholds": {
                "rate<0.05": false
            },
            "value": 0
        },
        "http_req_duration{profile:oltp_read}": {
            "p(95)": 18.395752599999994,
            "avg": 7.090423280677991,
            "min": 0.988298,
            "med": 2.572471,
            "max": 460.120344,
            "p(90)": 6.7665710000000026,
            "thresholds": {
                "p(95)<10000": false
            }
        },
        "http_reqs": {
            "rate": 190.92519486930073,
            "count": 51679
        },
        "http_req_duration{profile:log_insert}": {
            "p(95)": 22.529040050000013,
            "avg": 14.462923744124193,
            "min": 2.451933,
            "med": 7.31883,
            "max": 679.480998,
            "p(90)": 17.146010100000012,
            "thresholds": {
                "p(95)<10000": false
            }
        },
        "http_req_duration{expected_response:true}": {
            "avg": 15.577866260570078,
            "min": 0.988298,
            "med": 6.556805,
            "max": 6799.721088,
            "p(90)": 17.754162400000006,
            "p(95)": 31.318849199999928
        },
        "data_received": {
            "count": 48008941,
            "rate": 177366.3657557956
        },
        "http_req_duration{profile:oltp_update}": {
            "med": 6.980814,
            "max": 606.765526,
            "p(90)": 18.747421000000003,
            "p(95)": 27.577509999999993,
            "avg": 14.950299697724049,
            "min": 2.065715,
            "thresholds": {
                "p(95)<10000": false
            }
        },
        "http_req_duration": {
            "min": 0.988298,
            "med": 6.556805,
            "max": 6799.721088,
            "p(90)": 17.754162400000006,
            "p(95)": 31.318849199999928,
            "avg": 15.577866260570078
        },
        "iteration_duration": {
            "p(95)": 230.03926049999976,
            "avg": 171.41177813399918,
            "min": 102.65985,
            "med": 111.201782,
            "max": 7804.176452,
            "p(90)": 213.72845560000002
        },
        "iterations": {
            "count": 30463,
            "rate": 112.54386136154933
        },
        "http_req_duration{profile:oltp_insert}": {
            "p(90)": 18.648632000000003,
            "p(95)": 27.073811199999923,
            "avg": 15.88649117937051,
            "min": 2.21162,
            "med": 7.062598,
            "max": 624.993501,
            "thresholds": {
                "p(95)<10000": false
            }
        },
        "vus": {
            "min": 3,
            "max": 23,
            "value": 3
        },
        "data_sent": {
            "count": 8403413,
            "rate": 31045.942541307202
        },
        "http_req_tls_handshaking": {
            "max": 0,
            "p(90)": 0,
            "p(95)": 0,
            "avg": 0,
            "min": 0,
            "med": 0
        }
    },
    "root_group": {
        "name": "",
        "path": "",
        "id": "d41d8cd98f00b204e9800998ecf8427e",
        "groups": {},
        "checks": {
                "log insert status is 201": {
                    "fails": 0,
                    "name": "log insert status is 201",
                    "path": "::log insert status is 201",
                    "id": "0c4e03408a49359e57793f7ca239ea84",
                    "passes": 19572
                },
                "oltp read status is 200": {
                    "name": "oltp read status is 200",
                    "path": "::oltp read status is 200",
                    "id": "1c1a5fd2a2ff8ab679f69e1790183273",
                    "passes": 10325,
                    "fails": 0
                },
                "oltp insert status is 201": {
                    "fails": 0,
                    "name": "oltp insert status is 201",
                    "path": "::oltp insert status is 201",
                    "id": "5a25e06e225599513f9ab2c03cd90b76",
                    "passes": 10325
                },
                "oltp update status is 200": {
                    "name": "oltp update status is 200",
                    "path": "::oltp update status is 200",
                    "id": "ad3520a7cea933da62d07e8933327504",
                    "passes": 10325,
                    "fails": 0
                },
                "olap revenue status is 200": {
                    "fails": 0,
                    "name": "olap revenue status is 200",
                    "path": "::olap revenue status is 200",
                    "id": "468d0540743826ec6498c863fbfe452b",
                    "passes": 566
                },
                "olap turnover status is 200": {
                    "name": "olap turnover status is 200",
                    "path": "::olap turnover status is 200",
                    "id": "b89e366677c319076da67d1c82065fd5",
                    "passes": 566,
                    "fails": 0
                }
            }
    }
}